<?xml version="1.0" encoding="UTF-8"?>
<configuration debug="false">
    <contextName>Logback</contextName>
    <!-- 设置log日志存放地址 -->
    <!-- 单环境设置 -->
    <property name="LOG_HOME" value="./logger/log" />
    <!-- 多环境设置
     <springProfile name="dev">
         <property name="LOG_HOME" value="/Users/Desktop/temp/log" />
     </springProfile>
     <springProfile name="prod">
         <property name="LOG_HOME" value="/logger/log" />
     </springProfile> -->
    <!-- 控制台输出 -->
    <appender name="STDOUT" class="ch.qos.logback.core.ConsoleAppender">
        <!-- encoder默认配置为PartternLayoutEncoder -->
        <encoder class="ch.qos.logback.classic.encoder.PatternLayoutEncoder">
            <pattern>%d{yyyy-MM-dd HH:mm:ss.SSS} [%thread] %-5level %logger{80} -%msg%n</pattern>
        </encoder>
        <target>System.out</target>
    </appender>
    <!-- 按照每天生成日志文件 -->
    <appender name="ROLLING_FILE" class="ch.qos.logback.core.rolling.RollingFileAppender">
        <rollingPolicy class="ch.qos.logback.core.rolling.TimeBasedRollingPolicy">
            <!--日志文件输出的文件名 ,每天保存（侧翻）一次 -->
            <FileNamePattern>${LOG_HOME}/%d{yyyy-MM-dd}.log</FileNamePattern>
            <!--日志文件保留天数 -->
            <MaxHistory>30</MaxHistory>
        </rollingPolicy>
        <encoder class="ch.qos.logback.classic.encoder.PatternLayoutEncoder">
            <pattern>%d{yyyy-MM-dd HH:mm:ss.SSS} [%thread] %-5level %logger{25} -%msg%n</pattern>
        </encoder>
        <!--日志文件最大的大小 -->
        <triggeringPolicy
                class="ch.qos.logback.core.rolling.SizeBasedTriggeringPolicy">
            <MaxFileSize>100MB</MaxFileSize>
        </triggeringPolicy>
    </appender>
    <!-- 过滤器， 级别排序为： TRACE < DEBUG < INFO < WARN < ERROR-->   
    <logger name="com" level="INFO">
        <appender-ref ref="ROLLING_FILE" />
    </logger>
    <!-- 全局，控制台遇到INFO及以上级别就进行输出 -->
    <root level="INFO">
        <appender-ref ref="STDOUT" />
    </root>
</configuration>